Blue,Red,Magenta,7,6
Blue,Green,Cyan,2,6
Blue,Magenta,Purple,3,2
Blue,Orange,Purple,3,2
Purple,Red,Magenta,2,6
Purple,Green,Cyan,2,7
Purple,Cyan,Blue,4,7
Purple,Magenta,Blue,4,7
Purple,Orange,Magenta,2,6
Magenta,Blue,Purple,6,2
Magenta,Yellow,Red,9,-1
Magenta,Cyan,Blue,4,7
Magenta,Orange,Red,9,-1
Magenta,Purple,Blue,4,7
Red,Green,Yellow,-1,-1
Red,Blue,Magenta,-1,-1
Red,Yellow,Orange,-1,-1
Red,Purple,Magenta,-1,-1
Orange,Green,Yellow,7,5
Orange,Blue,Purple,6,2
Orange,Yellow,Red,9,-1
Orange,Magenta,Red,9,-1
Orange,Purple,Magenta,2,3
Yellow,Red,Orange,3,6
Yellow,Cyan,Green,1,7
Yellow,Magenta,Red,9,-1
Yellow,Orange,Red,9,-1
Green,Red,Yellow,7,5
Green,Blue,Cyan,5,7
Green,Orange,Yellow,7,5
Green,Purple,Cyan,5,7
Cyan,Yellow,Green,1,5
Cyan,Magenta,Blue,4,7
Cyan,Purple,Blue,4,7