Blue,Red,Magenta,1,-1
Blue,Green,Cyan,7,-1
Blue,Magenta,Purple,7,-1
Blue,Orange,Purple,7,-1
Purple,Red,Magenta,1,-1
Purple,Green,Cyan,7,-1
Purple,Cyan,Blue,7,-1
Purple,Magenta,Blue,7,-1
Purple,Orange,Magenta,1,-1
Magenta,Blue,Purple,4,-1
Magenta,Yellow,Red,7,-1
Magenta,Cyan,Blue,4,-1
Magenta,Orange,Red,7,-1
Magenta,Purple,Blue,4,-1
Red,Green,Yellow,7,-1
Red,Blue,Magenta,7,-1
Red,Yellow,Orange,7,-1
Red,Purple,Magenta,7,-1
Orange,Green,Yellow,7,-1
Orange,Blue,Purple,4,-1
Orange,Yellow,Red,7,-1
Orange,Magenta,Red,7,-1
Orange,Purple,Magenta,7,-1
Yellow,Red,Orange,7,-1
Yellow,Cyan,Green,4,-1
Yellow,Magenta,Red,7,-1
Yellow,Orange,Red,7,-1
Green,Red,Yellow,1,-1
Green,Blue,Cyan,7,-1
Green,Orange,Yellow,1,-1
Green,Purple,Cyan,7,-1
Cyan,Yellow,Green,7,-1
Cyan,Magenta,Blue,7,-1
Cyan,Purple,Blue,7,-1